Country,min_obesity,max_obesity,min_malnutrition,max_malnutrition,obesity_trend,malnutrition_trend
"Micronesia, Federated States of",9.43832,54.0626,0.546826,2.21266,Obesity ↑,Malnutrition ↑
Europe,4.87627,26.7359,1.2474,3.58649,Obesity ↑,Malnutrition ↑
Gabon,2.06268,30.2349,3.96353,9.82883,Obesity ↑,Malnutrition ↑
Mongolia,1.92557,26.3945,2.3509,5.11756,Obesity ↑,Malnutrition ↑
Sierra Leone,0.816964,10.57,2.73102,9.85371,Obesity ↑,Malnutrition ↑
South-East Asia Region,1.46499,10.5852,12.5996,27.4596,Obesity ↑,Malnutrition ↑
Qatar,13.5629,50.5895,1.53628,7.50801,Obesity ↑,Malnutrition ↑
Uzbekistan,2.01095,31.5765,2.36854,4.82134,Obesity ↑,Malnutrition ↑
United Kingdom,9.90444,29.2006,0.667587,2.5215,Obesity ↑,Malnutrition ↑
Honduras,7.11501,34.8023,1.71633,3.54205,Obesity ↑,Malnutrition ↑
Vanuatu,3.03911,24.6521,1.27393,3.78069,Obesity ↑,Malnutrition ↑
Montenegro,2.88613,22.6945,0.904363,2.8289,Obesity ↑,Malnutrition ↑
Trinidad and Tobago,9.29673,34.9438,5.1466,11.2486,Obesity ↑,Malnutrition ↑
Cook Islands,14.7855,71.514,0.449898,1.63716,Obesity ↑,Malnutrition ↑
Lesotho,0.738303,30.6726,2.34806,12.0896,Obesity ↑,Malnutrition ↑
Germany,5.93551,25.7346,0.598635,2.52333,Obesity ↑,Malnutrition ↑
Gambia,1.75629,17.7558,8.43321,15.0077,Obesity ↑,Malnutrition ↑
Low Income,1.94001,11.2893,6.1366,16.5117,Obesity ↑,Malnutrition ↑
"Venezuela, Bolivarian Republic of",8.88922,25.3552,1.60777,5.00299,Obesity ↑,Malnutrition ↑
Cyprus,7.43249,27.0869,0.768715,4.28619,Obesity ↑,Malnutrition ↑
Congo,0.474174,12.1263,4.42723,17.0444,Obesity ↑,Malnutrition ↑
Niue,17.2575,68.7996,0.353357,1.24984,Obesity ↑,Malnutrition ↑
Algeria,10.1685,32.9296,3.33591,6.87127,Obesity ↑,Malnutrition ↑
Latvia,2.72812,31.6459,1.08991,3.06782,Obesity ↑,Malnutrition ↑
Palau,15.6197,45.0519,0.781147,2.75419,Obesity ↑,Malnutrition ↑
Croatia,4.88652,36.7334,0.655394,2.60105,Obesity ↑,Malnutrition ↑
Peru,5.22219,31.3247,0.825172,1.98527,Obesity ↑,Malnutrition ↑
Tonga,17.4031,79.0533,0.175309,1.06922,Obesity ↑,Malnutrition ↑
Afghanistan,3.10666,21.7908,5.12294,15.9492,Obesity ↑,Malnutrition ↑
Italy,5.16604,22.9276,0.642659,3.09347,Obesity ↑,Malnutrition ↑
Myanmar,1.71261,13.7022,8.15646,20.2815,Obesity ↑,Malnutrition ↑
Benin,2.60584,13.4382,3.23912,10.3143,Obesity ↑,Malnutrition ↑
Kiribati,6.87053,55.4566,0.377192,1.83549,Obesity ↑,Malnutrition ↑
Malta,7.6143,36.842,0.892635,3.26017,Obesity ↑,Malnutrition ↑
Jamaica,8.97371,48.8298,0.818049,5.14232,Obesity ↑,Malnutrition ↑
Maldives,4.19415,23.9023,5.22857,18.5148,Obesity ↑,Malnutrition ↑
"Bolivia, Plurinational State of",6.55521,33.121,0.687478,2.67036,Obesity ↑,Malnutrition ↑
Kyrgyzstan,0.902711,26.5217,2.71074,4.47583,Obesity ↑,Malnutrition ↑
Lithuania,3.17136,32.1591,0.560609,3.02291,Obesity ↑,Malnutrition ↑
South Africa,4.88795,45.7316,1.68262,8.60581,Obesity ↑,Malnutrition ↑
Ecuador,6.57463,31.9212,1.09905,3.41958,Obesity ↑,Malnutrition ↑
Greece,7.24314,34.2089,0.594749,2.02825,Obesity ↑,Malnutrition ↑
Australia,9.92083,32.6915,0.750035,2.47705,Obesity ↑,Malnutrition ↑
El Salvador,6.22555,36.6031,1.57559,4.24458,Obesity ↑,Malnutrition ↑
Malawi,0.564396,10.0033,1.67926,10.2677,Obesity ↑,Malnutrition ↑
Nauru,13.4965,71.0085,0.215117,1.66373,Obesity ↑,Malnutrition ↑
Seychelles,9.53061,41.1271,2.454,7.02439,Obesity ↑,Malnutrition ↑
Paraguay,6.05589,35.0199,1.38461,3.29503,Obesity ↑,Malnutrition ↑
Singapore,5.68115,25.2339,2.65444,8.78752,Obesity ↑,Malnutrition ↑
"Tanzania, United Republic of",0.451628,16.7748,3.56337,13.0015,Obesity ↑,Malnutrition ↑
Guatemala,4.98463,29.4786,0.854915,3.2021,Obesity ↑,Malnutrition ↑
"Palestine, State of",7.63234,39.1874,2.35191,5.34889,Obesity ↑,Malnutrition ↑
"Congo, The Democratic Republic of the",1.81837,7.94984,3.98889,19.254,Obesity ↑,Malnutrition ↑
Netherlands,3.08382,17.0577,0.625967,2.26564,Obesity ↑,Malnutrition ↑
Iraq,10.6535,45.1295,2.29131,5.37799,Obesity ↑,Malnutrition ↑
"Korea, Democratic People's Republic of",2.97732,14.6109,7.65866,13.2282,Obesity ↑,Malnutrition ↑
Bosnia and Herzegovina,4.63955,26.3102,0.819047,4.14947,Obesity ↑,Malnutrition ↑
Costa Rica,9.36653,38.7305,1.70707,3.75871,Obesity ↑,Malnutrition ↑
Antigua and Barbuda,16.5345,42.8115,2.10036,5.22506,Obesity ↑,Malnutrition ↑
American Samoa,10.7365,80.6093,0.246522,1.14696,Obesity ↑,Malnutrition ↑
Sudan,2.25911,20.4429,9.46053,21.7574,Obesity ↑,Malnutrition ↑
Guinea-Bissau,1.69848,13.2974,4.05891,13.1211,Obesity ↑,Malnutrition ↑
Belarus,3.05368,30.068,0.773471,3.11815,Obesity ↑,Malnutrition ↑
Chile,15.3049,44.9708,0.411057,1.62587,Obesity ↑,Malnutrition ↑
Grenada,11.963,42.128,3.238,5.28983,Obesity ↑,Malnutrition ↑
Dominican Republic,8.15431,35.1459,3.6522,6.0251,Obesity ↑,Malnutrition ↑
Africa,1.69413,15.3177,5.95334,14.9233,Obesity ↑,Malnutrition ↑
Turkmenistan,1.42581,22.8509,2.52593,6.38147,Obesity ↑,Malnutrition ↑
Libya,10.2249,45.4744,2.95081,7.3658,Obesity ↑,Malnutrition ↑
Thailand,5.2941,19.4061,5.48511,9.93797,Obesity ↑,Malnutrition ↑
Americas Region,11.5697,37.1641,1.6069,2.82797,Obesity ↑,Malnutrition ↑
Bulgaria,6.25613,26.4058,1.02653,4.62268,Obesity ↑,Malnutrition ↑
Saint Kitts and Nevis,14.6042,55.0015,2.38278,4.95807,Obesity ↑,Malnutrition ↑
Mauritania,2.42128,32.7398,5.72263,17.0557,Obesity ↑,Malnutrition ↑
Argentina,8.57475,37.1728,1.2482,3.52736,Obesity ↑,Malnutrition ↑
South Sudan,1.68929,11.183,4.61284,18.9059,Obesity ↑,Malnutrition ↑
High Income,10.8816,27.2173,1.62781,3.9773,Obesity ↑,Malnutrition ↑
Nigeria,1.37216,14.6269,7.85083,21.981,Obesity ↑,Malnutrition ↑
Panama,8.64762,42.968,1.67627,3.10051,Obesity ↑,Malnutrition ↑
Brunei Darussalam,12.1294,34.2749,2.79561,6.25624,Obesity ↑,Malnutrition ↑
Slovakia,5.04381,33.139,0.674027,3.81909,Obesity ↑,Malnutrition ↑
Djibouti,1.03139,15.8291,4.70406,14.8196,Obesity ↑,Malnutrition ↑
Switzerland,4.87454,16.6194,0.523908,4.67879,Obesity ↑,Malnutrition ↑
Austria,6.67858,19.9561,0.759978,3.29559,Obesity ↑,Malnutrition ↑
Sao Tome and Principe,2.16442,21.2638,2.10186,8.21627,Obesity ↑,Malnutrition ↑
Ghana,1.56798,19.3496,4.99912,9.96396,Obesity ↑,Malnutrition ↑
Lao People's Democratic Republic,1.66743,12.0161,4.0149,12.2555,Obesity ↑,Malnutrition ↑
New Zealand,12.69,35.3893,0.451409,1.74453,Obesity ↑,Malnutrition ↑
Belgium,5.04161,22.651,0.897901,2.65884,Obesity ↑,Malnutrition ↑
Zambia,1.39426,14.427,3.04869,12.3654,Obesity ↑,Malnutrition ↑
Romania,2.99505,40.0962,1.27889,5.74225,Obesity ↑,Malnutrition ↑
Saint Lucia,12.3798,46.6557,2.84112,5.23408,Obesity ↑,Malnutrition ↑
Portugal,4.71919,28.8164,0.70781,2.98144,Obesity ↑,Malnutrition ↑
Armenia,3.31756,33.7125,2.09736,4.79419,Obesity ↑,Malnutrition ↑
Malaysia,9.44,27.0587,4.79217,9.53461,Obesity ↑,Malnutrition ↑
Nicaragua,7.18135,37.4421,0.96417,3.62896,Obesity ↑,Malnutrition ↑
Eritrea,0.800528,5.81829,7.86806,35.8941,Obesity ↑,Malnutrition ↑
China,2.72033,19.6244,2.73115,7.35933,Obesity ↑,Malnutrition ↑
Burkina Faso,0.451446,8.59195,3.5992,19.7642,Obesity ↑,Malnutrition ↑
Botswana,2.23747,26.4899,6.84625,19.6635,Obesity ↑,Malnutrition ↑
Marshall Islands,8.14232,56.3871,0.919029,4.31844,Obesity ↑,Malnutrition ↑
Canada,7.80249,28.742,0.673697,2.86242,Obesity ↑,Malnutrition ↑
Indonesia,2.77465,16.3794,6.92081,14.6943,Obesity ↑,Malnutrition ↑
Senegal,0.64296,13.5419,10.9875,24.4128,Obesity ↑,Malnutrition ↑
Sweden,4.28838,17.624,0.58742,2.62775,Obesity ↑,Malnutrition ↑
Chad,0.976776,6.78737,8.17803,18.0822,Obesity ↑,Malnutrition ↑
Andorra,7.42104,22.6707,1.16067,3.38352,Obesity ↑,Malnutrition ↑
Papua New Guinea,5.07163,25.134,0.928005,4.48647,Obesity ↑,Malnutrition ↑
India,1.09485,9.32488,13.0735,31.9008,Obesity ↑,Malnutrition ↑
Syrian Arab Republic,10.1714,37.9703,2.56549,6.50437,Obesity ↑,Malnutrition ↑
Morocco,3.6721,30.8121,2.71196,7.33343,Obesity ↑,Malnutrition ↑
Egypt,10.4672,56.0083,0.893385,4.32523,Obesity ↑,Malnutrition ↑
Haiti,1.61948,23.9341,3.66961,16.5401,Obesity ↑,Malnutrition ↑
Colombia,4.67421,29.3854,1.39665,3.27481,Obesity ↑,Malnutrition ↑
Tunisia,5.45749,36.1087,3.22089,7.72468,Obesity ↑,Malnutrition ↑
Japan,1.94154,7.35303,1.36266,13.271,Obesity ↑,Malnutrition ↑
Timor-Leste,0.609007,2.89187,10.2675,27.6195,Obesity ↑,Malnutrition ↑
French Polynesia,13.4469,50.1977,0.617689,2.23638,Obesity ↑,Malnutrition ↑
"Moldova, Republic of",2.0658,29.9218,0.937674,3.92621,Obesity ↑,Malnutrition ↑
Hungary,6.91558,38.5169,0.813048,3.48757,Obesity ↑,Malnutrition ↑
Denmark,3.24033,16.6509,0.866159,3.70718,Obesity ↑,Malnutrition ↑
Zimbabwe,0.695374,18.9079,2.22085,12.5003,Obesity ↑,Malnutrition ↑
Bangladesh,0.898614,7.58382,11.2239,27.4586,Obesity ↑,Malnutrition ↑
Low & Middle Income,2.23184,15.1599,10.892,23.1185,Obesity ↑,Malnutrition ↑
Ireland,7.27355,32.3991,0.680597,2.19417,Obesity ↑,Malnutrition ↑
Russian Federation,2.47264,30.2072,1.48492,3.74804,Obesity ↑,Malnutrition ↑
Norway,4.57795,21.0532,0.553821,2.17649,Obesity ↑,Malnutrition ↑
North Macedonia,4.79476,30.8987,1.00825,4.95539,Obesity ↑,Malnutrition ↑
Nepal,0.710091,8.36816,8.61573,19.8601,Obesity ↑,Malnutrition ↑
Somalia,1.04752,20.2929,4.6889,25.5217,Obesity ↑,Malnutrition ↑
Oman,10.3978,38.7094,3.57709,8.96413,Obesity ↑,Malnutrition ↑
Sri Lanka,2.75286,14.2044,11.1133,25.667,Obesity ↑,Malnutrition ↑
Luxembourg,4.80788,22.3217,0.610634,3.09695,Obesity ↑,Malnutrition ↑
Eastern Mediterranean Region,6.37966,33.3849,6.10494,15.454,Obesity ↑,Malnutrition ↑
Türkiye,6.27391,42.7479,1.57284,2.88777,Obesity ↑,Malnutrition ↑
Niger,0.97912,8.09081,10.2224,24.8934,Obesity ↑,Malnutrition ↑
Tokelau,15.3827,72.4867,0.506558,1.77916,Obesity ↑,Malnutrition ↑
Mauritius,5.4302,25.6435,5.57276,12.5664,Obesity ↑,Malnutrition ↑
Upper Middle Income,4.87637,18.4716,3.59393,6.34477,Obesity ↑,Malnutrition ↑
Jordan,9.54613,40.2198,2.49246,4.89316,Obesity ↑,Malnutrition ↑
Madagascar,0.265672,5.79844,5.19162,21.326,Obesity ↑,Malnutrition ↑
Viet Nam,0.594842,14.2363,7.17039,20.8314,Obesity ↑,Malnutrition ↑
Liberia,1.38846,19.7871,1.86049,11.4248,Obesity ↑,Malnutrition ↑
Uganda,0.362548,11.998,4.61177,12.1423,Obesity ↑,Malnutrition ↑
Tajikistan,1.13047,23.6294,3.62324,12.0063,Obesity ↑,Malnutrition ↑
Togo,1.55613,15.8803,3.07819,10.463,Obesity ↑,Malnutrition ↑
Kazakhstan,2.57383,20.0664,1.81426,6.83124,Obesity ↑,Malnutrition ↑
Lebanon,7.9013,32.9845,1.55326,3.04734,Obesity ↑,Malnutrition ↑
Puerto Rico,12.662,46.4985,2.05657,5.0597,Obesity ↑,Malnutrition ↑
Cabo Verde,1.08948,22.1922,4.95247,10.2033,Obesity ↑,Malnutrition ↑
Barbados,15.3237,48.2199,2.93447,5.39281,Obesity ↑,Malnutrition ↑
Cuba,8.39429,28.4744,3.84088,7.60356,Obesity ↑,Malnutrition ↑
Tuvalu,13.5665,70.9794,0.401788,3.42793,Obesity ↑,Malnutrition ↑
Brazil,6.88055,32.5406,2.26433,4.15114,Obesity ↑,Malnutrition ↑
Slovenia,6.00758,27.5484,0.661665,2.64507,Obesity ↑,Malnutrition ↑
Pakistan,2.15515,24.5448,8.21369,25.9506,Obesity ↑,Malnutrition ↑
Mali,2.0365,11.3572,5.08519,17.3112,Obesity ↑,Malnutrition ↑
Spain,6.62104,23.1345,0.637883,2.78558,Obesity ↑,Malnutrition ↑
Philippines,1.8693,10.1784,7.39603,13.7895,Obesity ↑,Malnutrition ↑
Israel,6.75165,23.6282,2.08514,4.58161,Obesity ↑,Malnutrition ↑
Yemen,3.30097,16.8876,11.3099,20.7614,Obesity ↑,Malnutrition ↑
Bhutan,2.65575,15.3596,3.03955,11.1652,Obesity ↑,Malnutrition ↑
Saudi Arabia,7.50215,44.4622,3.18909,16.4395,Obesity ↑,Malnutrition ↑
Cameroon,1.16983,18.8684,2.21917,8.31197,Obesity ↑,Malnutrition ↑
Ethiopia,0.387323,3.91443,7.55397,29.304,Obesity ↑,Malnutrition ↑
Mexico,12.0967,40.3176,1.39246,2.78605,Obesity ↑,Malnutrition ↑
Mozambique,0.573996,11.9883,2.42459,12.1479,Obesity ↑,Malnutrition ↑
Burundi,0.712287,5.80754,5.70668,18.0077,Obesity ↑,Malnutrition ↑
Finland,6.05802,24.6132,0.700449,2.927,Obesity ↑,Malnutrition ↑
"Iran, Islamic Republic of",6.26063,32.1933,3.33201,11.769,Obesity ↑,Malnutrition ↑
Solomon Islands,1.3194,26.8814,0.960491,3.38328,Obesity ↑,Malnutrition ↑
Western Pacific Region,2.83084,17.8769,3.62325,8.56831,Obesity ↑,Malnutrition ↑
Comoros,1.05908,23.5323,2.93622,11.6797,Obesity ↑,Malnutrition ↑
Greenland,3.92529,31.3841,0.918012,3.5258,Obesity ↑,Malnutrition ↑
Saint Vincent and the Grenadines,11.5164,48.7726,2.68596,4.37409,Obesity ↑,Malnutrition ↑
Angola,1.97168,15.4125,5.02428,12.646,Obesity ↑,Malnutrition ↑
Bermuda,12.0506,42.7421,3.73287,4.9959,Obesity ↑,Malnutrition ↑
United States,16.9403,43.7838,0.635091,2.18884,Obesity ↑,Malnutrition ↑
Serbia,5.17245,28.0068,1.07532,4.32504,Obesity ↑,Malnutrition ↑
Iceland,5.89443,24.4737,0.889709,2.78373,Obesity ↑,Malnutrition ↑
Suriname,9.73326,38.5048,3.43418,8.33328,Obesity ↑,Malnutrition ↑
Belize,14.4952,51.5094,2.01591,3.44337,Obesity ↑,Malnutrition ↑
Côte d'Ivoire,2.46122,14.3083,3.77928,11.4819,Obesity ↑,Malnutrition ↑
Rwanda,0.327586,7.46248,2.99453,10.9769,Obesity ↑,Malnutrition ↑
Bahrain,11.3711,43.6609,2.59419,7.70336,Obesity ↑,Malnutrition ↑
Central African Republic,2.2498,10.3218,6.20449,23.6828,Obesity ↑,Malnutrition ↑
"Korea, Republic of",3.99886,23.6072,1.08937,6.1991,Obesity ↑,Malnutrition ↑
Kenya,1.01702,16.8703,4.80483,15.7509,Obesity ↑,Malnutrition ↑
Estonia,4.56382,27.9837,0.779838,2.61056,Obesity ↑,Malnutrition ↑
Bahamas,15.6838,55.1149,2.71159,4.20309,Obesity ↑,Malnutrition ↑
Georgia,3.77786,42.164,1.49261,3.95954,Obesity ↑,Malnutrition ↑
Czechia,2.42306,34.3997,0.537994,4.25662,Obesity ↑,Malnutrition ↑
Samoa,11.0367,72.6159,0.240718,1.71371,Obesity ↑,Malnutrition ↑
Poland,3.8241,33.8425,0.801859,3.19742,Obesity ↑,Malnutrition ↑
Guyana,6.73431,37.8055,6.52376,8.46112,Obesity ↑,Malnutrition ↑
Ukraine,0.799434,33.9341,0.639324,6.49101,Obesity ↑,Malnutrition ↑
Fiji,3.27866,41.8134,3.1889,9.33495,Obesity ↑,Malnutrition ↑
Kuwait,15.1996,51.6902,0.574191,4.31478,Obesity ↑,Malnutrition ↑
Albania,3.12137,29.8361,0.627239,3.3153,Obesity ↑,Malnutrition ↑
Cambodia,0.653823,11.7946,5.90526,16.4735,Obesity ↑,Malnutrition ↑
Uruguay,7.27512,37.7764,0.588489,2.76193,Obesity ↑,Malnutrition ↑
Eswatini,1.85984,41.0318,2.27684,6.10973,Obesity ↑,Malnutrition ↑
Equatorial Guinea,2.20266,28.9741,3.00399,16.5698,Obesity ↑,Malnutrition ↑
Namibia,2.03721,21.1573,6.54173,18.6002,Obesity ↑,Malnutrition ↑
United Arab Emirates,14.4799,37.8012,2.09997,5.00866,Obesity ↑,Malnutrition ↑
Global,4.06685,18.2894,6.73861,14.4431,Obesity ↑,Malnutrition ↑
Dominica,9.9503,44.6827,2.62909,5.89922,Obesity ↑,Malnutrition ↑
France,3.68174,13.2925,1.66191,5.49493,Obesity ↑,Malnutrition ↑
Azerbaijan,2.89705,34.8799,1.5448,6.55103,Obesity ↑,Malnutrition ↑
Guinea,1.02935,11.502,5.32263,12.2393,Obesity ↑,Malnutrition ↑
